magnification,method,reconstruction_r2,reconstruction_cosine,alignment_error,paired_cosine,shared_cka,recall@1,recall@10,mrr,neighborhood_preservation,effective_rank,latent_dim
5.0,joint_pca,0.9557595171929845,0.9872336670349477,0.059571243689917376,0.8835899572299429,0.939502400158582,0.92,0.99375,0.9490617726462343,0.7877000000000001,47.41685796003263,64.0
5.0,gcca,0.8616089460815405,0.9606345086648411,0.1114324055915408,0.7988721578350881,0.6931985809007774,0.9672499999999999,0.99975,0.9803305555555555,0.493475,63.32306674527005,64.0
5.0,procrustes,0.9822895919595407,0.9947512520770272,0.12505057001532002,0.7743003171760717,0.8464961905114213,0.6839999999999999,0.93275,0.7751350029504886,0.9789500000000001,48.552282404208675,64.0
10.0,joint_pca,0.9553349081832221,0.986722811598038,0.05677237356370416,0.8896796955236097,0.9401812914723053,0.9257500000000001,0.9962500000000001,0.9535896675959176,0.787325,47.67479889497831,64.0
10.0,gcca,0.8617636159469977,0.9596599246216457,0.10357183418219987,0.811514952446576,0.7072802436726058,0.96675,0.99925,0.9799161886724387,0.49575,63.41924619580914,64.0
10.0,procrustes,0.9818834881459089,0.994469787835588,0.12230102032855777,0.7802060579972648,0.8460637746011832,0.71625,0.953,0.8022011002878245,0.9788750000000002,48.77982999687397,64.0
20.0,joint_pca,0.9508674718351133,0.9862319335274636,0.06079089018727649,0.8825362747335365,0.9314335182440624,0.93525,0.9975,0.9606003506306495,0.785325,48.54573597200374,64.0
20.0,gcca,0.8457193761238104,0.957553556894907,0.10203670343950917,0.8142320705974571,0.7085500473218604,0.96675,1.0,0.9802175595238096,0.48714999999999997,63.48056894466184,64.0
20.0,procrustes,0.9799222848709475,0.9942067126652963,0.13254135764565853,0.7638392151340128,0.8274354576592889,0.67525,0.94575,0.7739214037476723,0.97685,49.483287050909276,64.0
